ID,Summary,Parent Interest ID,Registered,Published,Updated_1,Category,MNIS ID,Member,ShareholdingThreshold,RegistrableDate,EndDate,OrganisationName,OrganisationDescription,HeldOnBehalfOf,ManagedBy,Link,Updated_2,Updated_3,Updated_4
5786,Shares in Will Quince Limited,,2024-05-16,2024-05-16,,Shareholdings,4423,Will Quince,(i) Shareholdings: over 15% of issued share capital,2024-04-09,,Will Quince Limited,Management consultancy activities,,,https://interests-api.parliament.uk/api/v1/Interests/5786,,,
5670,Shares in SARISA Limited,,2024-05-07,2024-05-06,,Shareholdings,4446,Mr Marcus Fysh,(i) Shareholdings: over 15% of issued share capital,2024-03-16,,SARISA Limited,High assurance engineering,,,https://interests-api.parliament.uk/api/v1/Interests/5670,,,
5669,Shares in Clean Cell Technologies Ltd,,2024-05-07,2024-05-06,,Shareholdings,4446,Mr Marcus Fysh,(i) Shareholdings: over 15% of issued share capital,2024-02-26,,Clean Cell Technologies Ltd,,,,https://interests-api.parliament.uk/api/v1/Interests/5669,,,
5424,Shares in Milncroft Ltd,,2024-04-23,2024-04-24,,Shareholdings,4640,David Linden,(i) Shareholdings: over 15% of issued share capital,2024-04-23,,Milncroft Ltd,Production and sale of transport-related memorabilia.,,,https://interests-api.parliament.uk/api/v1/Interests/5424,,,
2455,Shares in Shoebridge Ltd,,2020-01-11,2024-04-24,2024-04-24,Shareholdings,4791,Andy Carter,(i) Shareholdings: over 15% of issued share capital,0001-01-01,2023-11-23,Shoebridge Ltd,Import agency,,,https://interests-api.parliament.uk/api/v1/Interests/2455,,,
5344,Shares in Office of Alok Sharma Limited,,2024-04-16,2024-04-19,,Shareholdings,4014,Lord Sharma,(i) Shareholdings: over 15% of issued share capital,2024-03-19,,Office of Alok Sharma Limited,"To provide support for my ongoing public activities, including advancing climate action.",,,https://interests-api.parliament.uk/api/v1/Interests/5344,,,
5267,Shares in Salvataggio Dati Ltd (dormant),,2020-01-11,2024-03-18,,Shareholdings,4766,Dr Jamie Wallis,(i) Shareholdings: over 15% of issued share capital,0001-01-01,,Salvataggio Dati Ltd (dormant),,,,https://interests-api.parliament.uk/api/v1/Interests/5267,,,
5269,Shares in Quickie Divorce LLC (dormant; US Branch of Quickie Divorce Ltd),,2020-01-11,2024-03-18,,Shareholdings,4766,Dr Jamie Wallis,(i) Shareholdings: over 15% of issued share capital,0001-01-01,,Quickie Divorce LLC (dormant; US Branch of Quickie Divorce Ltd),,,,https://interests-api.parliament.uk/api/v1/Interests/5269,,,
5259,Shares in Daten Phoenix Ltd (dormant),,2020-01-11,2024-03-18,,Shareholdings,4766,Dr Jamie Wallis,(i) Shareholdings: over 15% of issued share capital,0001-01-01,,Daten Phoenix Ltd (dormant),,,,https://interests-api.parliament.uk/api/v1/Interests/5259,,,
5260,Shares in Fields Asset Management (commercial office space),,2020-01-11,2024-03-18,,Shareholdings,4766,Dr Jamie Wallis,(i) Shareholdings: over 15% of issued share capital,0001-01-01,,Fields Asset Management (commercial office space),,,,https://interests-api.parliament.uk/api/v1/Interests/5260,,,
5268,Shares in Fields Data Recovery LLC (US branch of Fields Associates Ltd),,2020-01-11,2024-03-18,,Shareholdings,4766,Dr Jamie Wallis,(i) Shareholdings: over 15% of issued share capital,0001-01-01,,Fields Data Recovery LLC (US branch of Fields Associates Ltd),,,,https://interests-api.parliament.uk/api/v1/Interests/5268,,,
5270,Shares in Endeavour Law Ltd (law firm),,2020-01-11,2024-03-18,,Shareholdings,4766,Dr Jamie Wallis,(i) Shareholdings: over 15% of issued share capital,0001-01-01,,Endeavour Law Ltd (law firm),,,,https://interests-api.parliament.uk/api/v1/Interests/5270,,,
5271,"Shares in Fields Analytics Ltd (office support functions, based in Thailand)",,2020-01-11,2024-03-18,,Shareholdings,4766,Dr Jamie Wallis,(i) Shareholdings: over 15% of issued share capital,0001-01-01,,"Fields Analytics Ltd (office support functions, based in Thailand)",,,,https://interests-api.parliament.uk/api/v1/Interests/5271,,,
5257,Shares in Clinica De Datos Ltd (dormant),,2020-01-11,2024-03-18,,Shareholdings,4766,Dr Jamie Wallis,(i) Shareholdings: over 15% of issued share capital,0001-01-01,,Clinica De Datos Ltd (dormant),,,,https://interests-api.parliament.uk/api/v1/Interests/5257,,,
5264,Shares in Fields Administration Ltd (management services),,2020-01-11,2024-03-18,,Shareholdings,4766,Dr Jamie Wallis,(i) Shareholdings: over 15% of issued share capital,0001-01-01,,Fields Administration Ltd (management services),,,,https://interests-api.parliament.uk/api/v1/Interests/5264,,,
5266,Shares in Rapid Data Recovery Ltd (dormant),,2020-01-11,2024-03-18,,Shareholdings,4766,Dr Jamie Wallis,(i) Shareholdings: over 15% of issued share capital,0001-01-01,,Rapid Data Recovery Ltd (dormant),,,,https://interests-api.parliament.uk/api/v1/Interests/5266,,,
5258,Shares in Clinique De Donnees Ltd (dormant),,2020-01-11,2024-03-18,,Shareholdings,4766,Dr Jamie Wallis,(i) Shareholdings: over 15% of issued share capital,0001-01-01,,Clinique De Donnees Ltd (dormant),,,,https://interests-api.parliament.uk/api/v1/Interests/5258,,,
5261,"Shares in Fields Associates (Digital Forensics, Recovery and Security)",,2020-01-11,2024-03-18,,Shareholdings,4766,Dr Jamie Wallis,(i) Shareholdings: over 15% of issued share capital,0001-01-01,,"Fields Associates (Digital Forensics, Recovery and Security)",,,,https://interests-api.parliament.uk/api/v1/Interests/5261,,,
5262,Shares in Fields Data Recovery Ltd (dormant),,2020-01-11,2024-03-18,,Shareholdings,4766,Dr Jamie Wallis,(i) Shareholdings: over 15% of issued share capital,2024-01-01,,Fields Data Recovery Ltd (dormant),,,,https://interests-api.parliament.uk/api/v1/Interests/5262,,,
5263,Shares in Fields Group Ltd (holding company),,2020-01-11,2024-03-18,,Shareholdings,4766,Dr Jamie Wallis,(i) Shareholdings: over 15% of issued share capital,0001-01-01,,Fields Group Ltd (holding company),,,,https://interests-api.parliament.uk/api/v1/Interests/5263,,,
5265,Shares in Quickie Divorce (online legal services),,2020-01-11,2024-03-18,,Shareholdings,4766,Dr Jamie Wallis,(i) Shareholdings: over 15% of issued share capital,0001-01-01,,Quickie Divorce (online legal services),,,,https://interests-api.parliament.uk/api/v1/Interests/5265,,,
5272,Shares in Fields Holdings Ltd (holding company),,2020-01-11,2024-03-18,,Shareholdings,4766,Dr Jamie Wallis,(i) Shareholdings: over 15% of issued share capital,0001-01-01,,Fields Holdings Ltd (holding company),,,,https://interests-api.parliament.uk/api/v1/Interests/5272,,,
3796,Shares in Hammerbrace Ltd (active but not trading).,,2024-02-27,2024-03-14,,Shareholdings,4429,Mr William Wragg,(i) Shareholdings: over 15% of issued share capital,2024-01-31,,Hammerbrace Ltd (active but not trading).,,,,https://interests-api.parliament.uk/api/v1/Interests/3796,,,
3252,Shares in Hammerbrace Ltd (active but not trading),,2024-02-02,2024-03-06,,Shareholdings,1493,Sir Charles Walker,(i) Shareholdings: over 15% of issued share capital,2024-01-31,,Hammerbrace Ltd (active but not trading),,,,https://interests-api.parliament.uk/api/v1/Interests/3252,,,
2564,Shares in Mama Airlines Ltd (dormant),,2018-05-16,2023-12-28,,Shareholdings,4529,Lord Mackinlay of Richborough,(i) Shareholdings: over 15% of issued share capital,,,Mama Airlines Ltd (dormant),,,,https://interests-api.parliament.uk/api/v1/Interests/2564,,,
2565,Shares in Skipper UK Ltd,,2015-06-03,2023-12-28,,Shareholdings,4487,Kelly Tolhurst,(i) Shareholdings: over 15% of issued share capital,,,Skipper UK Ltd,Marine paint distributors and marine surveyors company,,,https://interests-api.parliament.uk/api/v1/Interests/2565,,,
2554,Shares in First Seer Ltd,,2016-12-02,2023-12-28,,Shareholdings,4390,Ian Blackford,(i) Shareholdings: over 15% of issued share capital,,,First Seer Ltd,,,,https://interests-api.parliament.uk/api/v1/Interests/2554,,,
2556,Shares in Djanogly Family LLP,,2020-10-12,2023-12-28,,Shareholdings,1425,Mr Jonathan Djanogly,(i) Shareholdings: over 15% of issued share capital,,,Djanogly Family LLP,Limited liability underwriting member of Lloyds,,,https://interests-api.parliament.uk/api/v1/Interests/2556,,,
2572,Shares in 100MPH Events Limited (dormant),,,2023-12-28,2023-07-31,Shareholdings,3966,Ian Murray,(i) Shareholdings: over 15% of issued share capital,,,100MPH Events Limited (dormant),Event management,,,https://interests-api.parliament.uk/api/v1/Interests/2572,,,
2574,Shares in SuitLink Ltd (dormant),,2013-05-07,2023-12-28,2015-01-14,Shareholdings,4015,Iain Stewart,(i) Shareholdings: over 15% of issued share capital,2013-05-04,,SuitLink Ltd (dormant),Online social media company,,,https://interests-api.parliament.uk/api/v1/Interests/2574,,,
2555,Shares in CGLV Limited,,2012-12-17,2023-12-28,,Shareholdings,1425,Mr Jonathan Djanogly,(i) Shareholdings: over 15% of issued share capital,,,CGLV Limited,Consultancy business,,,https://interests-api.parliament.uk/api/v1/Interests/2555,,,
2557,Shares in Morden Estates Company Ltd,,2015-05-01,2023-12-28,,Shareholdings,4132,Richard Drax,(i) Shareholdings: over 15% of issued share capital,,,Morden Estates Company Ltd,Property management company,,,https://interests-api.parliament.uk/api/v1/Interests/2557,,,
2573,Shares in Oh! Television (not trading),,2016-01-11,2023-12-28,,Shareholdings,4371,Brendan O'Hara,(i) Shareholdings: over 15% of issued share capital,,,Oh! Television (not trading),Television production company,,,https://interests-api.parliament.uk/api/v1/Interests/2573,,,
2575,Shares in ProPolitical Ltd (dormant),,2022-02-11,2023-12-28,,Shareholdings,1493,Sir Charles Walker,(i) Shareholdings: over 15% of issued share capital,2022-02-08,,ProPolitical Ltd (dormant),,,,https://interests-api.parliament.uk/api/v1/Interests/2575,,,
2563,Shares in Carnmoyne Private Residential Home,,2020-01-02,2023-12-28,,Shareholdings,4815,Mark Logan,(i) Shareholdings: over 15% of issued share capital,,,Carnmoyne Private Residential Home,,,,https://interests-api.parliament.uk/api/v1/Interests/2563,,,
2566,Shares in Penbroath Ltd,,2023-08-21,2023-12-28,2023-09-25,Shareholdings,3934,George Eustice,(i) Shareholdings: over 15% of issued share capital,2023-07-05,,Penbroath Ltd,Consultancy and advisory service,,,https://interests-api.parliament.uk/api/v1/Interests/2566,,,
2567,Shares in The Northern Research Group Ltd,,2021-06-20,2023-12-28,2021-06-16,Shareholdings,4830,Paul Howell,(i) Shareholdings: over 15% of issued share capital,2020-11-24,,The Northern Research Group Ltd,A shared services company for northern MPs which became active on 16 June 2021.,,,https://interests-api.parliament.uk/api/v1/Interests/2567,,,
2561,Shares in Kemyel Ltd,,2021-10-04,2023-12-28,2023-05-11,Shareholdings,4074,Mark Garnier,(i) Shareholdings: over 15% of issued share capital,2021-09-22,,Kemyel Ltd,A company set up to manage my financial interests.,,,https://interests-api.parliament.uk/api/v1/Interests/2561,,,
2562,Shares in Bergo Holdings Ltd,,2023-04-25,2023-12-28,2023-05-25,Shareholdings,4009,Sir Brandon Lewis,(i) Shareholdings: over 15% of issued share capital,2022-12-14,,Bergo Holdings Ltd,Holding and advisory services company,,,https://interests-api.parliament.uk/api/v1/Interests/2562,,,
2569,Shares in Llais Ltd (inactive),,2017-07-06,2023-12-28,,Shareholdings,4632,Anna McMorrin,(i) Shareholdings: over 15% of issued share capital,,,Llais Ltd (inactive),Policy communications,,,https://interests-api.parliament.uk/api/v1/Interests/2569,,,
2571,Shares in Manteion Ltd (not trading),,2015-05-01,2023-12-28,,Shareholdings,4249,Anne Marie Morris,(i) Shareholdings: over 15% of issued share capital,,,Manteion Ltd (not trading),Marketing consultancy,,,https://interests-api.parliament.uk/api/v1/Interests/2571,,,
2559,Shares in AMF Holdings Limited,,2020-06-05,2023-12-28,2020-12-11,Shareholdings,4132,Richard Drax,(i) Shareholdings: over 15% of issued share capital,,,AMF Holdings Limited,Holding company for family businesses,,,https://interests-api.parliament.uk/api/v1/Interests/2559,,,
2568,Shares in Templari (dormant),,2021-11-17,2023-12-28,,Shareholdings,3989,Jack Lopresti,(i) Shareholdings: over 15% of issued share capital,2021-09-29,,Templari (dormant),,,,https://interests-api.parliament.uk/api/v1/Interests/2568,,,
2558,Shares in ACF Co Holdings Limited,,2015-05-01,2023-12-28,2020-12-11,Shareholdings,4132,Richard Drax,(i) Shareholdings: over 15% of issued share capital,,,ACF Co Holdings Limited,Holding company for family businesses,,,https://interests-api.parliament.uk/api/v1/Interests/2558,,,
2570,Shares in Mercer Consulting Associates Ltd (not trading),,2019-09-17,2023-12-28,,Shareholdings,4485,Johnny Mercer,(i) Shareholdings: over 15% of issued share capital,2018-11-09,,Mercer Consulting Associates Ltd (not trading),,,,https://interests-api.parliament.uk/api/v1/Interests/2570,,,
2440,Shares in Equi Ltd,,2017-07-05,2023-12-24,2018-06-07,Shareholdings,1390,Mr John Baron,(i) Shareholdings: over 15% of issued share capital,,,Equi Ltd,,,,https://interests-api.parliament.uk/api/v1/Interests/2440,2018-07-17,,
2460,Shares in DSD 22 Limited,,2020-10-08,2023-12-24,,Shareholdings,4737,Dehenna Davison,(i) Shareholdings: over 15% of issued share capital,2020-09-10,,DSD 22 Limited,Public relations and communications,,,https://interests-api.parliament.uk/api/v1/Interests/2460,,,
2463,Shares in Nomina 538 LLP,,2010-01-22,2023-12-24,,Shareholdings,1542,Philip Dunne,(i) Shareholdings: over 15% of issued share capital,,,Nomina 538 LLP,A member of Lloyd’s,,,https://interests-api.parliament.uk/api/v1/Interests/2463,,,
2485,Shares in Llan Property Ltd,,2023-02-20,2023-12-24,,Shareholdings,3944,Lord Hart of Tenby,(i) Shareholdings: over 15% of issued share capital,2023-02-13,,Llan Property Ltd,,,,https://interests-api.parliament.uk/api/v1/Interests/2485,,,
2487,Shares in Compotex GmbH,,2017-07-05,2023-12-24,,Shareholdings,4602,Wera Hobhouse,(i) Shareholdings: over 15% of issued share capital,,,Compotex GmbH,Technical textile finishing,,,https://interests-api.parliament.uk/api/v1/Interests/2487,,,
2539,Shares in Amanda Solloway Ltd,,2020-01-09,2023-12-24,2021-11-12,Shareholdings,4372,Amanda Solloway,(i) Shareholdings: over 15% of issued share capital,,2020-12-17,Amanda Solloway Ltd,Learning and development consultancy,,,https://interests-api.parliament.uk/api/v1/Interests/2539,,,
2469,Shares in Bill Esterson Campaigns Ltd,,2016-10-14,2023-12-24,,Shareholdings,4061,Bill Esterson,(i) Shareholdings: over 15% of issued share capital,2016-09-26,,Bill Esterson Campaigns Ltd,,,,https://interests-api.parliament.uk/api/v1/Interests/2469,,,
2544,Shares in CSL Publishing Ltd,,,2023-12-24,2015-06-03,Shareholdings,1482,Graham Stuart,(i) Shareholdings: over 15% of issued share capital,,,CSL Publishing Ltd,,,,https://interests-api.parliament.uk/api/v1/Interests/2544,2015-11-02,,
2448,Shares in AB Produce Trading Ltd,,2015-05-01,2023-12-24,,Shareholdings,4133,Andrew Bridgen,(i) Shareholdings: over 15% of issued share capital,,,AB Produce Trading Ltd,Holding company,,,https://interests-api.parliament.uk/api/v1/Interests/2448,,,
2451,Shares in Fiona Bruce and Co LLP,,2022-11-21,2023-12-24,,Shareholdings,3958,Fiona Bruce,(i) Shareholdings: over 15% of issued share capital,,,Fiona Bruce and Co LLP,Solicitors practice,,,https://interests-api.parliament.uk/api/v1/Interests/2451,,,
2475,Shares in G & N Properties,,2020-02-11,2023-12-24,,Shareholdings,4832,Nick Fletcher,(i) Shareholdings: over 15% of issued share capital,,,G & N Properties,,,,https://interests-api.parliament.uk/api/v1/Interests/2475,,,
2477,Shares in Wedgwood Alexander Properties Ltd,,2020-01-10,2023-12-24,,Shareholdings,4754,Peter Gibson,(i) Shareholdings: over 15% of issued share capital,,,Wedgwood Alexander Properties Ltd,Owning and letting of property,,,https://interests-api.parliament.uk/api/v1/Interests/2477,,,
2493,Shares in Edinburgh Self Storage Ltd,,2017-06-29,2023-12-24,,Shareholdings,4619,Lord Jack of Courance,(i) Shareholdings: over 15% of issued share capital,,,Edinburgh Self Storage Ltd,,,,https://interests-api.parliament.uk/api/v1/Interests/2493,,,
2499,Shares in David Jones (Solicitors) Ltd,,2015-05-01,2023-12-24,,Shareholdings,1502,Mr David Jones,(i) Shareholdings: over 15% of issued share capital,,,David Jones (Solicitors) Ltd,,,,https://interests-api.parliament.uk/api/v1/Interests/2499,,,
2470,Shares in Weble Ltd,,2020-05-12,2023-12-24,2024-02-12,Shareholdings,4836,Ben Everitt,(i) Shareholdings: over 15% of issued share capital,2020-03-02,2024-02-12,Weble Ltd,A strategic consulting company,,,https://interests-api.parliament.uk/api/v1/Interests/2470,,,
2510,Shares in Office of Theresa May Limited,,2019-12-27,2023-12-24,,Shareholdings,8,Baroness May of Maidenhead,(i) Shareholdings: over 15% of issued share capital,2019-10-21,,Office of Theresa May Limited,A company to support my ongoing involvement in public life.,,,https://interests-api.parliament.uk/api/v1/Interests/2510,,,
2442,Shares in Apsana Begum Ltd,,2023-02-27,2023-12-24,,Shareholdings,4790,Apsana Begum,(i) Shareholdings: over 15% of issued share capital,2023-01-10,,Apsana Begum Ltd,A company created to deliver campaigns and support my work as an MP.,,,https://interests-api.parliament.uk/api/v1/Interests/2442,,,
2439,Shares in Conservative Way Forward Ltd,,2022-05-23,2023-12-24,2023-08-30,Shareholdings,4064,Mr Steve Baker,(i) Shareholdings: over 15% of issued share capital,2022-04-29,2023-04-23,Conservative Way Forward Ltd,A not for profit company that identifies and campaigns for Conservative policies.,,,https://interests-api.parliament.uk/api/v1/Interests/2439,,,
2462,Shares in Phoenix Corporate Gifts Ltd,,2015-05-29,2023-12-24,2019-01-03,Shareholdings,4452,Steve Double,(i) Shareholdings: over 15% of issued share capital,,,Phoenix Corporate Gifts Ltd,A company selling branded merchandise.,,,https://interests-api.parliament.uk/api/v1/Interests/2462,,,
2465,Shares in Arnold Estates Ltd,,2015-05-01,2023-12-24,,Shareholdings,4116,Sir Michael Ellis,(i) Shareholdings: over 15% of issued share capital,,,Arnold Estates Ltd,UK property company,,,https://interests-api.parliament.uk/api/v1/Interests/2465,,,
2482,Shares in Green and Ginger Communications Ltd,,2021-07-16,2023-12-24,2023-05-24,Shareholdings,4918,Sarah Green,(i) Shareholdings: over 15% of issued share capital,,2023-05-09,Green and Ginger Communications Ltd,Communications company,,,https://interests-api.parliament.uk/api/v1/Interests/2482,,,
2486,Shares in Teclan Ltd,,2015-06-04,2023-12-24,,Shareholdings,4467,Drew Hendry,(i) Shareholdings: over 15% of issued share capital,,,Teclan Ltd,A digital marketing company,,,https://interests-api.parliament.uk/api/v1/Interests/2486,,,
2484,Shares in Topwood Limited,,2021-03-16,2023-12-24,2021-09-21,Shareholdings,4070,Matt Hancock,(i) Shareholdings: over 15% of issued share capital,2021-01-25,,Topwood Limited,"Shredding, storage and security systems",,Delegated management company,https://interests-api.parliament.uk/api/v1/Interests/2484,,,
2540,Shares in Spring Lane Farm Ltd (formerly Floralands Ltd),,2015-05-01,2023-12-24,2016-05-26,Shareholdings,4055,Sir Mark Spencer,(i) Shareholdings: over 15% of issued share capital,,,Spring Lane Farm Ltd (formerly Floralands Ltd),A farm shop of which I am an unremunerated director.,,,https://interests-api.parliament.uk/api/v1/Interests/2540,,,
2551,Shares in Newhall Consultancy Ltd,,2020-01-08,2023-12-24,2024-02-20,Shareholdings,4802,Suzanne Webb,(i) Shareholdings: over 15% of issued share capital,2015-05-01,2020-01-08,Newhall Consultancy Ltd,Management consultancy,,,https://interests-api.parliament.uk/api/v1/Interests/2551,,,
2495,Shares in SJ Office Ltd,,2022-10-27,2023-12-24,2024-03-18,Shareholdings,3945,Sir Sajid Javid,(i) Shareholdings: over 15% of issued share capital,2022-10-07,,SJ Office Ltd,A company to help support my ongoing involvement in public life.,,,https://interests-api.parliament.uk/api/v1/Interests/2495,,,
2466,Shares in Arnold Estates LLC,,2015-05-01,2023-12-24,,Shareholdings,4116,Sir Michael Ellis,(i) Shareholdings: over 15% of issued share capital,,,Arnold Estates LLC,US property company,,,https://interests-api.parliament.uk/api/v1/Interests/2466,,,
2468,Shares in MHML Solutions Ltd,,2020-01-10,2023-12-24,,Shareholdings,4795,Mrs Natalie Elphicke,(i) Shareholdings: over 15% of issued share capital,,,MHML Solutions Ltd,Consultancy,,,https://interests-api.parliament.uk/api/v1/Interests/2468,,,
2479,Shares in 76 Warwick Way Ltd,,2020-09-23,2023-12-24,,Shareholdings,1562,Sir Robert Goodwill,(i) Shareholdings: over 15% of issued share capital,2020-09-21,,76 Warwick Way Ltd,A company which owns a property freehold.,,,https://interests-api.parliament.uk/api/v1/Interests/2479,,,
2481,Shares in Scribble Press Ltd,,2017-07-06,2023-12-24,,Shareholdings,3990,Richard Graham,(i) Shareholdings: over 15% of issued share capital,2017-04-01,,Scribble Press Ltd,,,,https://interests-api.parliament.uk/api/v1/Interests/2481,,,
2529,Shares in Reya Limited,,2023-11-08,2023-12-24,,Shareholdings,4007,Dominic Raab,(i) Shareholdings: over 15% of issued share capital,2023-11-07,,Reya Limited,"A company established to maintain my ongoing involvement in public life, enabling me to undertake speaking engagements and paid advisory work.",,,https://interests-api.parliament.uk/api/v1/Interests/2529,,,
2537,Shares in Vigilo Ltd (trading as RMJ Public Relations),,2015-06-04,2023-12-24,2015-12-15,Shareholdings,4478,Royston Smith,(i) Shareholdings: over 15% of issued share capital,,,Vigilo Ltd (trading as RMJ Public Relations),,,,https://interests-api.parliament.uk/api/v1/Interests/2537,2022-02-28,,
2509,Shares in County Finance Group Ltd,,2015-06-02,2023-12-24,,Shareholdings,4495,Kit Malthouse,(i) Shareholdings: over 15% of issued share capital,,,County Finance Group Ltd,Provision of equipment finance,,,https://interests-api.parliament.uk/api/v1/Interests/2509,,,
2437,Shares in Warre Constable LLP,,2023-01-16,2023-12-24,,Shareholdings,4639,Bim Afolami,(i) Shareholdings: over 15% of issued share capital,2023-01-16,,Warre Constable LLP,"Provides advice on property management, mediation services and legal and financial matters.",,,https://interests-api.parliament.uk/api/v1/Interests/2437,,,
2444,Shares in West Central Ltd,,2020-01-10,2023-12-24,,Shareholdings,4818,Saqib Bhatti,(i) Shareholdings: over 15% of issued share capital,,,West Central Ltd,Consultancy and e-commerce,,,https://interests-api.parliament.uk/api/v1/Interests/2444,,,
2453,Shares in Psychological Services Scotland Ltd,,2015-06-05,2023-12-24,,Shareholdings,4412,Dr Lisa Cameron,(i) Shareholdings: over 15% of issued share capital,,,Psychological Services Scotland Ltd,Psychology assessment,,,https://interests-api.parliament.uk/api/v1/Interests/2453,,,
2457,Shares in Gresham Hall Glamping Ltd,,2023-01-09,2023-12-24,,Shareholdings,249,Sir Geoffrey Clifton-Brown,(i) Shareholdings: over 15% of issued share capital,2021-05-26,,Gresham Hall Glamping Ltd,,,,https://interests-api.parliament.uk/api/v1/Interests/2457,,,
2459,Shares in Thomas More Property Holdings Ltd,,2015-06-05,2023-12-24,,Shareholdings,1508,Sir Geoffrey Cox,(i) Shareholdings: over 15% of issued share capital,,,Thomas More Property Holdings Ltd,Property holding company,,,https://interests-api.parliament.uk/api/v1/Interests/2459,,,
2488,Shares in Habitats Online Ltd,,2022-01-10,2023-12-24,,Shareholdings,4474,Kevin Hollinrake,(i) Shareholdings: over 15% of issued share capital,2021-12-22,,Habitats Online Ltd,Lettings and estate agency services,,,https://interests-api.parliament.uk/api/v1/Interests/2488,,,
2490,Shares in Atlantic Solway Holdings Ltd,,2017-06-29,2023-12-24,,Shareholdings,4619,Lord Jack of Courance,(i) Shareholdings: over 15% of issued share capital,,,Atlantic Solway Holdings Ltd,Investment holding company,,,https://interests-api.parliament.uk/api/v1/Interests/2490,,,
2492,Shares in Courance Farms,,2017-06-29,2023-12-24,,Shareholdings,4619,Lord Jack of Courance,(i) Shareholdings: over 15% of issued share capital,,,Courance Farms,,,,https://interests-api.parliament.uk/api/v1/Interests/2492,,,
2500,Shares in Progression Ltd,,2015-06-08,2023-12-24,,Shareholdings,4505,Peter Kyle,(i) Shareholdings: over 15% of issued share capital,,,Progression Ltd,Sporting Video Company,,,https://interests-api.parliament.uk/api/v1/Interests/2500,,,
2503,Shares in Toussaint Ventures Ltd,,2022-08-08,2023-12-24,2024-02-14,Shareholdings,4500,Clive Lewis,(i) Shareholdings: over 15% of issued share capital,2022-07-15,,Toussaint Ventures Ltd,Provides support for my political campaigning and activities.,,,https://interests-api.parliament.uk/api/v1/Interests/2503,,,
2550,Shares in Lashkar and Co Ltd,,2015-06-04,2023-12-24,2020-01-10,Shareholdings,4462,Tom Tugendhat,(i) Shareholdings: over 15% of issued share capital,,2023-08-29,Lashkar and Co Ltd,"Strategic advice and leadership mentoring, US real estate",,,https://interests-api.parliament.uk/api/v1/Interests/2550,2024-01-22,,
2445,Shares in Grosvenor House (Worthing) Ltd,,2018-12-03,2023-12-24,,Shareholdings,117,Sir Peter Bottomley,(i) Shareholdings: over 15% of issued share capital,,,Grosvenor House (Worthing) Ltd,Management of residential property. The company holds the freehold of six flats.,,,https://interests-api.parliament.uk/api/v1/Interests/2445,,,
2452,Shares in Richard Burgon Campaigns Ltd,,2023-03-28,2023-12-24,,Shareholdings,4493,Richard Burgon,(i) Shareholdings: over 15% of issued share capital,2022-01-17,,Richard Burgon Campaigns Ltd,,,,https://interests-api.parliament.uk/api/v1/Interests/2452,,,
2473,Shares in Analogue Electrics Ltd,,2020-01-09,2023-12-24,,Shareholdings,4832,Nick Fletcher,(i) Shareholdings: over 15% of issued share capital,,,Analogue Electrics Ltd,Electrical contracting,,,https://interests-api.parliament.uk/api/v1/Interests/2473,,,
2474,Shares in J & L Properties (Doncaster) Ltd,,2020-01-09,2023-12-24,,Shareholdings,4832,Nick Fletcher,(i) Shareholdings: over 15% of issued share capital,,,J & L Properties (Doncaster) Ltd,,,,https://interests-api.parliament.uk/api/v1/Interests/2474,,,
2494,Shares in Mollin HEP Ltd,,2017-06-29,2023-12-24,,Shareholdings,4619,Lord Jack of Courance,(i) Shareholdings: over 15% of issued share capital,,,Mollin HEP Ltd,Hydro-electric power,,,https://interests-api.parliament.uk/api/v1/Interests/2494,,,
2497,Shares in Gertrude Media Ltd,,2023-04-19,2023-12-24,,Shareholdings,4490,Dame Andrea Jenkyns,(i) Shareholdings: over 15% of issued share capital,2023-03-28,,Gertrude Media Ltd,,,,https://interests-api.parliament.uk/api/v1/Interests/2497,,,
2512,Shares in Thorpe and Felthorpe Trust,,2020-01-07,2023-12-24,,Shareholdings,4739,Jerome Mayhew,(i) Shareholdings: over 15% of issued share capital,,,Thorpe and Felthorpe Trust,Land and property management and development,,,https://interests-api.parliament.uk/api/v1/Interests/2512,,,
2443,Shares in Younis Bhatti & Co. Ltd,,2020-01-10,2023-12-24,,Shareholdings,4818,Saqib Bhatti,(i) Shareholdings: over 15% of issued share capital,,,Younis Bhatti & Co. Ltd,Chartered accountants,,,https://interests-api.parliament.uk/api/v1/Interests/2443,,,
2472,Shares in Finucane Toner Ltd,,2020-01-07,2023-12-24,,Shareholdings,4823,John Finucane,(i) Shareholdings: over 15% of issued share capital,,,Finucane Toner Ltd,Solicitors,,,https://interests-api.parliament.uk/api/v1/Interests/2472,,,
2480,Shares in The Graham Montrose Co. Ltd,,2015-06-08,2023-12-24,,Shareholdings,3990,Richard Graham,(i) Shareholdings: over 15% of issued share capital,,,The Graham Montrose Co. Ltd,Operating licensed premise (pubs),,,https://interests-api.parliament.uk/api/v1/Interests/2480,,,
2489,Shares in Mare Pond Properties Ltd,,2018-03-07,2023-12-24,,Shareholdings,1572,Sir Jeremy Hunt,(i) Shareholdings: over 15% of issued share capital,2017-09-19,,Mare Pond Properties Ltd,A property holding company,Owned jointly with my wife,,https://interests-api.parliament.uk/api/v1/Interests/2489,,,
2541,Shares in CH Spencer and Son,,2016-06-07,2023-12-24,,Shareholdings,4055,Sir Mark Spencer,(i) Shareholdings: over 15% of issued share capital,,,CH Spencer and Son,Farmers,,,https://interests-api.parliament.uk/api/v1/Interests/2541,,,
2533,Shares in Sambrook Roberts Ltd,,2021-07-13,2023-12-24,2024-01-22,Shareholdings,4760,Gary Sambrook,(i) Shareholdings: over 15% of issued share capital,2021-07-13,2024-01-23,Sambrook Roberts Ltd,Accountancy and business services,,,https://interests-api.parliament.uk/api/v1/Interests/2533,,,
2511,Shares in Global Commission on Modern Slavery and Human Trafficking,,2023-09-11,2023-12-24,,Shareholdings,8,Baroness May of Maidenhead,(i) Shareholdings: over 15% of issued share capital,2023-08-31,,Global Commission on Modern Slavery and Human Trafficking,,,,https://interests-api.parliament.uk/api/v1/Interests/2511,,,
2543,Shares in Venture Marketing Group Ltd,,,2023-12-24,,Shareholdings,3935,Sir Mel Stride,(i) Shareholdings: over 15% of issued share capital,,,Venture Marketing Group Ltd,"Publisher, organiser of exhibitions and conferences",,,https://interests-api.parliament.uk/api/v1/Interests/2543,,,
2545,Shares in Zarah Sultana Campaigns Ltd,,2023-03-27,2023-12-24,,Shareholdings,4786,Zarah Sultana,(i) Shareholdings: over 15% of issued share capital,2021-11-12,,Zarah Sultana Campaigns Ltd,,,,https://interests-api.parliament.uk/api/v1/Interests/2545,,,
2516,Shares in Brockthorpe Consultancy Ltd,,2020-01-09,2023-12-24,,Shareholdings,4861,Robbie Moore,(i) Shareholdings: over 15% of issued share capital,,,Brockthorpe Consultancy Ltd,Consultants and rural surveyors,,,https://interests-api.parliament.uk/api/v1/Interests/2516,,,
2523,Shares in Pluto Partners LLP,,2015-06-05,2023-12-24,,Shareholdings,4503,Chris Philp,(i) Shareholdings: over 15% of issued share capital,,,Pluto Partners LLP,Property finance and investment,,,https://interests-api.parliament.uk/api/v1/Interests/2523,,,
2456,Shares in Carclew Limited,,,2023-12-24,2017-06-20,Shareholdings,242,Sir Christopher Chope,(i) Shareholdings: over 15% of issued share capital,,,Carclew Limited,,,,https://interests-api.parliament.uk/api/v1/Interests/2456,,,
2505,Shares in Beak Kemmenoe Chartered Accountants and Chartered Tax Advisers,,2015-05-12,2023-12-24,,Shareholdings,4529,Lord Mackinlay of Richborough,(i) Shareholdings: over 15% of issued share capital,,,Beak Kemmenoe Chartered Accountants and Chartered Tax Advisers,Accountancy partnership,,,https://interests-api.parliament.uk/api/v1/Interests/2505,,,
2507,Shares in Sha Tin Consulting Ltd,,2015-05-12,2023-12-24,,Shareholdings,4529,Lord Mackinlay of Richborough,(i) Shareholdings: over 15% of issued share capital,,,Sha Tin Consulting Ltd,Business consultancy,,,https://interests-api.parliament.uk/api/v1/Interests/2507,,,
2524,Shares in Pluto Silverstone Co Invest LLP,,2015-06-05,2023-12-24,,Shareholdings,4503,Chris Philp,(i) Shareholdings: over 15% of issued share capital,,,Pluto Silverstone Co Invest LLP,Property finance and investment,,,https://interests-api.parliament.uk/api/v1/Interests/2524,,,
2526,Shares in Pluto Development Partners LLP,,2015-06-05,2023-12-24,,Shareholdings,4503,Chris Philp,(i) Shareholdings: over 15% of issued share capital,,,Pluto Development Partners LLP,Property finance and investment,,,https://interests-api.parliament.uk/api/v1/Interests/2526,,,
2441,Shares in Baron and Grant Investment Management Limited,,2020-11-05,2023-12-24,,Shareholdings,1390,Mr John Baron,(i) Shareholdings: over 15% of issued share capital,2020-07-03,,Baron and Grant Investment Management Limited,A fund management company,,,https://interests-api.parliament.uk/api/v1/Interests/2441,,,
2449,Shares in Bridgen Investments Ltd,,2015-05-01,2023-12-24,,Shareholdings,4133,Andrew Bridgen,(i) Shareholdings: over 15% of issued share capital,,,Bridgen Investments Ltd,"Investment company, investing in shares, property, building projects",,,https://interests-api.parliament.uk/api/v1/Interests/2449,,,
2464,Shares in Vintage Ghetto,,2023-08-10,2023-12-24,,Shareholdings,4995,Sarah Dyke,(i) Shareholdings: over 15% of issued share capital,,,Vintage Ghetto,A retail company,,,https://interests-api.parliament.uk/api/v1/Interests/2464,,,
2504,Shares in MDLON (2021) Ltd,,2022-05-19,2023-12-24,,Shareholdings,4789,Marco Longhi,(i) Shareholdings: over 15% of issued share capital,2021-10-28,,MDLON (2021) Ltd,Rental properties,,,https://interests-api.parliament.uk/api/v1/Interests/2504,,,
2506,Shares in Mackinlay Ltd,,2015-05-12,2023-12-24,,Shareholdings,4529,Lord Mackinlay of Richborough,(i) Shareholdings: over 15% of issued share capital,,,Mackinlay Ltd,Property company,,,https://interests-api.parliament.uk/api/v1/Interests/2506,,,
2522,Shares in Millgap Ltd,,2015-06-05,2023-12-24,,Shareholdings,4503,Chris Philp,(i) Shareholdings: over 15% of issued share capital,,,Millgap Ltd,"Consulting, advisory and investment",,,https://interests-api.parliament.uk/api/v1/Interests/2522,,,
2525,Shares in Pluto Monza Co Invest LLP,,2015-06-05,2023-12-24,,Shareholdings,4503,Chris Philp,(i) Shareholdings: over 15% of issued share capital,,,Pluto Monza Co Invest LLP,Property finance and investment,,,https://interests-api.parliament.uk/api/v1/Interests/2525,,,
2447,Shares in AB Produce PLC,,2015-05-01,2023-12-24,,Shareholdings,4133,Andrew Bridgen,(i) Shareholdings: over 15% of issued share capital,,,AB Produce PLC,Processing and distribution of fresh vegetables,,,https://interests-api.parliament.uk/api/v1/Interests/2447,,,
2450,Shares in AB Farms Ltd,,2017-03-21,2023-12-24,,Shareholdings,4133,Andrew Bridgen,(i) Shareholdings: over 15% of issued share capital,2017-02-06,,AB Farms Ltd,Potato production and storage,,,https://interests-api.parliament.uk/api/v1/Interests/2450,,,
2438,Shares in Baubridge Limited,,2021-11-08,2023-12-24,,Shareholdings,1586,Adam Afriyie,(i) Shareholdings: over 15% of issued share capital,2020-06-23,,Baubridge Limited,,,,https://interests-api.parliament.uk/api/v1/Interests/2438,,,
2458,Shares in Thomas More International Ltd,,2015-06-05,2023-12-24,,Shareholdings,1508,Sir Geoffrey Cox,(i) Shareholdings: over 15% of issued share capital,,,Thomas More International Ltd,International law firm,,,https://interests-api.parliament.uk/api/v1/Interests/2458,,,
2467,Shares in MSA Properties Ltd,,2014-05-27,2023-12-24,,Shareholdings,4116,Sir Michael Ellis,(i) Shareholdings: over 15% of issued share capital,,,MSA Properties Ltd,Property investment company,,,https://interests-api.parliament.uk/api/v1/Interests/2467,,,
2478,Shares in Mowthorpe (UK) Ltd,,2015-05-01,2023-12-24,,Shareholdings,1562,Sir Robert Goodwill,(i) Shareholdings: over 15% of issued share capital,,,Mowthorpe (UK) Ltd,Cemetery company,,,https://interests-api.parliament.uk/api/v1/Interests/2478,,,
2491,Shares in Cantco Ltd,,2017-06-29,2023-12-24,,Shareholdings,4619,Lord Jack of Courance,(i) Shareholdings: over 15% of issued share capital,,,Cantco Ltd,Lloyds insurance underwriting,,,https://interests-api.parliament.uk/api/v1/Interests/2491,,,
2501,Shares in The Argument Ltd,,2015-12-15,2023-12-24,,Shareholdings,4505,Peter Kyle,(i) Shareholdings: over 15% of issued share capital,2015-11-03,,The Argument Ltd,A journal,,,https://interests-api.parliament.uk/api/v1/Interests/2501,,,
2536,Shares in Bosworth Ltd,,2022-06-14,2023-12-24,,Shareholdings,4021,Chris Skidmore,(i) Shareholdings: over 15% of issued share capital,2022-05-30,,Bosworth Ltd,A company through which I provide research and advisory services.,,,https://interests-api.parliament.uk/api/v1/Interests/2536,,,
2483,Shares in Peal Gas LDA,,2015-05-01,2023-12-24,2023-02-07,Shareholdings,1585,Stephen Hammond,(i) Shareholdings: over 15% of issued share capital,,,Peal Gas LDA,A Portuguese company which owns my property in Portugal.,,,https://interests-api.parliament.uk/api/v1/Interests/2483,,,
2518,Shares in RJMN Ltd,,2015-05-01,2023-12-24,,Shareholdings,1601,Sir Robert Neill,(i) Shareholdings: over 15% of issued share capital,,,RJMN Ltd,A strategic consultancy business,,,https://interests-api.parliament.uk/api/v1/Interests/2518,,,
2521,Shares in Pluto Capital Management LLP,,2015-06-05,2023-12-24,,Shareholdings,4503,Chris Philp,(i) Shareholdings: over 15% of issued share capital,,,Pluto Capital Management LLP,Property finance and investment,,,https://interests-api.parliament.uk/api/v1/Interests/2521,,,
2496,Shares in Ringshall Ltd,,2015-06-05,2023-12-24,2017-12-11,Shareholdings,4498,Mr Ranil Jayawardena,(i) Shareholdings: over 15% of issued share capital,,,Ringshall Ltd,A business support and holding company,,,https://interests-api.parliament.uk/api/v1/Interests/2496,2019-01-15,2020-06-03,2022-11-02
2514,Shares in Blue Collar Productions,,2020-10-29,2023-12-24,,Shareholdings,4084,Esther McVey,(i) Shareholdings: over 15% of issued share capital,2020-10-01,,Blue Collar Productions,A television production company,,,https://interests-api.parliament.uk/api/v1/Interests/2514,,,
2527,Shares in New Road Management,,2012-12-13,2023-12-24,2015-06-02,Shareholdings,4263,Lucy Powell,(i) Shareholdings: over 15% of issued share capital,,,New Road Management,A property management company,,,https://interests-api.parliament.uk/api/v1/Interests/2527,2021-05-13,,
2546,Shares in Marden Holdings Ltd,,2015-05-01,2023-12-24,,Shareholdings,245,Sir Robert Syms,(i) Shareholdings: over 15% of issued share capital,,,Marden Holdings Ltd,Family business with interests in property,,,https://interests-api.parliament.uk/api/v1/Interests/2546,,,
2513,Shares in McPartland Consulting Ltd,,2015-05-01,2023-12-24,,Shareholdings,4093,Stephen McPartland,(i) Shareholdings: over 15% of issued share capital,,,McPartland Consulting Ltd,,,,https://interests-api.parliament.uk/api/v1/Interests/2513,,,
2534,Shares in PrintHouse Corporation Ltd,,2015-05-01,2023-12-24,,Shareholdings,1582,Grant Shapps,(i) Shareholdings: over 15% of issued share capital,,,PrintHouse Corporation Ltd,,,,https://interests-api.parliament.uk/api/v1/Interests/2534,,,
2542,Shares in Highland Fine Houses Ltd,,2017-07-07,2023-12-24,,Shareholdings,4612,Jamie Stone,(i) Shareholdings: over 15% of issued share capital,,,Highland Fine Houses Ltd,Property company,,,https://interests-api.parliament.uk/api/v1/Interests/2542,,,
2517,Shares in DM Electronics Ltd,,2015-06-02,2023-12-24,2018-05-03,Shareholdings,4358,Wendy Morton,(i) Shareholdings: over 15% of issued share capital,,,DM Electronics Ltd,An electronics design and manufacturing company,,,https://interests-api.parliament.uk/api/v1/Interests/2517,,,
2520,Shares in Afrika Connekt Ltd,,2020-01-07,2023-12-24,,Shareholdings,4779,Taiwo Owatemi,(i) Shareholdings: over 15% of issued share capital,,,Afrika Connekt Ltd,A clothing company,,,https://interests-api.parliament.uk/api/v1/Interests/2520,,,
2502,Shares in CMAL Limited,,2015-05-26,2023-12-24,,Shareholdings,4403,Chris Law,(i) Shareholdings: over 15% of issued share capital,,,CMAL Limited,Financial services company,,,https://interests-api.parliament.uk/api/v1/Interests/2502,,,
2528,Shares in MAP Advisory Ltd,,2013-09-07,2023-12-24,2022-04-25,Shareholdings,1576,Mark Pritchard,(i) Shareholdings: over 15% of issued share capital,,,MAP Advisory Ltd,,,,https://interests-api.parliament.uk/api/v1/Interests/2528,,,
2531,Shares in Mary Felicity Design Ltd,,2015-06-03,2023-12-24,,Shareholdings,4406,Mary Robinson,(i) Shareholdings: over 15% of issued share capital,,,Mary Felicity Design Ltd,Clothing design company,,,https://interests-api.parliament.uk/api/v1/Interests/2531,,,
2549,Shares in TX Associates Ltd,,2023-08-03,2023-12-24,,Shareholdings,4994,Steve Tuckwell,(i) Shareholdings: over 15% of issued share capital,,,TX Associates Ltd,,,,https://interests-api.parliament.uk/api/v1/Interests/2549,,,
2553,Shares in Pettitts Ltd,,2015-06-04,2023-12-24,,Shareholdings,4382,Daniel Zeichner,(i) Shareholdings: over 15% of issued share capital,,,Pettitts Ltd,Management for the shared freehold flats of which I am a resident.,,,https://interests-api.parliament.uk/api/v1/Interests/2553,,,
2454,Shares in Coillabus Farms,,2021-11-16,2023-12-24,,Shareholdings,1442,Mr Alistair Carmichael,(i) Shareholdings: over 15% of issued share capital,2021-10-24,,Coillabus Farms,A firm which manages two farms and the letting of self-catering holiday accommodation on Islay.,,,https://interests-api.parliament.uk/api/v1/Interests/2454,,,
2515,Shares in Aysgarth Properties Ltd,,2015-05-01,2023-12-24,,Shareholdings,4092,Stephen Metcalfe,(i) Shareholdings: over 15% of issued share capital,,,Aysgarth Properties Ltd,,,,https://interests-api.parliament.uk/api/v1/Interests/2515,,,
2532,Shares in Arlington Mews Management Company,,2017-07-07,2023-12-24,,Shareholdings,4615,Lloyd Russell-Moyle,(i) Shareholdings: over 15% of issued share capital,,,Arlington Mews Management Company,A company which owns the freehold of a residential block.,,,https://interests-api.parliament.uk/api/v1/Interests/2532,,,
2552,Shares in Gratton Lansdowne,,2021-11-19,2023-12-24,,Shareholdings,4108,Sir Gavin Williamson,(i) Shareholdings: over 15% of issued share capital,2021-10-25,,Gratton Lansdowne,A company set up to manage my financial affairs and investments.,,,https://interests-api.parliament.uk/api/v1/Interests/2552,,,
2471,Shares in Northern Research Group Ltd,,2022-09-30,2023-12-24,,Shareholdings,4744,Simon Fell,(i) Shareholdings: over 15% of issued share capital,2021-06-16,,Northern Research Group Ltd,A shared services company for northern MPs,,,https://interests-api.parliament.uk/api/v1/Interests/2471,,,
2548,Shares in The Office of Liz Truss Limited,,2023-02-21,2023-12-24,,Shareholdings,4097,Elizabeth Truss,(i) Shareholdings: over 15% of issued share capital,2023-01-17,,The Office of Liz Truss Limited,Provides support for my ongoing public activities,,,https://interests-api.parliament.uk/api/v1/Interests/2548,,,
2508,Shares in Manor Mews (Chatham) Ltd,,2015-05-12,2023-12-24,,Shareholdings,4529,Lord Mackinlay of Richborough,(i) Shareholdings: over 15% of issued share capital,,,Manor Mews (Chatham) Ltd,Property company,,,https://interests-api.parliament.uk/api/v1/Interests/2508,,,
2519,Shares in Kate Osborne Campaigns Ltd,,2022-10-14,2023-12-24,,Shareholdings,4783,Kate Osborne,(i) Shareholdings: over 15% of issued share capital,2022-10-06,,Kate Osborne Campaigns Ltd,,,,https://interests-api.parliament.uk/api/v1/Interests/2519,,,
2530,Shares in Saliston,,2010-05-31,2023-12-24,2023-03-01,Shareholdings,4099,Sir Jacob Rees-Mogg,(i) Shareholdings: over 15% of issued share capital,,,Saliston,Holding company,,,https://interests-api.parliament.uk/api/v1/Interests/2530,,,
2547,Shares in Dunelm Business Consultants,,2015-05-26,2023-12-24,,Shareholdings,4509,Craig Tracey,(i) Shareholdings: over 15% of issued share capital,,,Dunelm Business Consultants,Business consultancy,,,https://interests-api.parliament.uk/api/v1/Interests/2547,,,
2535,Shares in Salt 'n' Sauce Promotions Ltd,,2015-06-04,2023-12-24,,Shareholdings,4453,Tommy Sheppard,(i) Shareholdings: over 15% of issued share capital,,,Salt 'n' Sauce Promotions Ltd,An entertainment company,,,https://interests-api.parliament.uk/api/v1/Interests/2535,,,
2446,Shares in Graham Brady Consulting Ltd,,2023-11-24,2023-12-24,2024-02-05,Shareholdings,435,Lord Brady of Altrincham,(i) Shareholdings: over 15% of issued share capital,2023-09-15,,Graham Brady Consulting Ltd,,,,https://interests-api.parliament.uk/api/v1/Interests/2446,,,
1342,Shares in Equinox International Holdings Limited,,2022-11-14,2023-12-17,,Shareholdings,1211,Sir Andrew Mitchell,"(ii) Other shareholdings, valued at more than £70,000",2021-08-20,,Equinox International Holdings Limited,Life sciences,,,https://interests-api.parliament.uk/api/v1/Interests/1342,,,
1359,Shares in HIRO Capital,,2023-01-09,2023-12-17,,Shareholdings,117,Sir Peter Bottomley,"(ii) Other shareholdings, valued at more than £70,000",2022-12-06,,HIRO Capital,A company investing in games development.,,,https://interests-api.parliament.uk/api/v1/Interests/1359,,,
1365,Shares in Experian PLC,,2023-07-17,2023-12-17,2023-11-27,Shareholdings,1500,Theresa Villiers,"(ii) Other shareholdings, valued at more than £70,000",2019-07-29,2023-11-14,Experian PLC,Financial and credit data,,Trust,https://interests-api.parliament.uk/api/v1/Interests/1365,,,
1371,Shares in Rars Woodlands Ltd,,2017-06-29,2023-12-17,2023-12-08,Shareholdings,4619,Lord Jack of Courance,"(ii) Other shareholdings, valued at more than £70,000",,2023-05-16,Rars Woodlands Ltd,Christmas tree grower,,,https://interests-api.parliament.uk/api/v1/Interests/1371,,,
1345,Shares in Genie International Toys,,,2023-12-17,2022-01-31,Shareholdings,3991,Jesse Norman,"(ii) Other shareholdings, valued at more than £70,000",,,Genie International Toys,Toy design and manufacture,,,https://interests-api.parliament.uk/api/v1/Interests/1345,,,
1327,Shares in Excession Technologies Ltd,,2022-03-21,2023-12-17,,Shareholdings,1542,Philip Dunne,"(ii) Other shareholdings, valued at more than £70,000",2022-02-22,,Excession Technologies Ltd,An information technology consultancy.,,,https://interests-api.parliament.uk/api/v1/Interests/1327,,,
1375,Shares in Big Yellow Self Storage,,2023-03-31,2023-12-17,,Shareholdings,4619,Lord Jack of Courance,"(ii) Other shareholdings, valued at more than £70,000",2023-03-27,,Big Yellow Self Storage,,,,https://interests-api.parliament.uk/api/v1/Interests/1375,,,
1353,Shares in Walsingham Estate Co Ltd (beneficial interest),,2020-01-07,2023-12-17,2020-07-06,Shareholdings,4739,Jerome Mayhew,"(ii) Other shareholdings, valued at more than £70,000",,,Walsingham Estate Co Ltd (beneficial interest),"Farming, land and property management, retail and finance",,,https://interests-api.parliament.uk/api/v1/Interests/1353,,,
1348,Shares in Capital plc,,2021-10-15,2023-12-17,2024-02-26,Shareholdings,40,Sir Bernard Jenkin,"(ii) Other shareholdings, valued at more than £70,000",2021-05-01,2023-08-10,Capital plc,Mining equipment and services,,,https://interests-api.parliament.uk/api/v1/Interests/1348,,,
1382,Shares in AccuRx Ltd,,2019-04-08,2023-12-17,2022-04-07,Shareholdings,4462,Tom Tugendhat,"(ii) Other shareholdings, valued at more than £70,000",2019-04-05,2023-05-09,AccuRx Ltd,A software company building technology to improve communication in healthcare.,,Trust,https://interests-api.parliament.uk/api/v1/Interests/1382,2024-01-22,,
1320,Shares in Glint Pay Services Ltd,,2023-10-20,2023-12-17,,Shareholdings,4064,Mr Steve Baker,"(ii) Other shareholdings, valued at more than £70,000",2023-10-03,,Glint Pay Services Ltd,Issues multicurrency prepaid cards which allow users to hold and spend physical gold.,,,https://interests-api.parliament.uk/api/v1/Interests/1320,,,
1355,Shares in Alphabet Inc.,,2019-08-16,2023-12-17,2023-10-18,Shareholdings,4407,Nigel Huddleston,"(ii) Other shareholdings, valued at more than £70,000",2023-10-11,,Alphabet Inc.,,,,https://interests-api.parliament.uk/api/v1/Interests/1355,,,
1364,Shares in Shell PLC,,2023-07-17,2023-12-17,2023-11-27,Shareholdings,1500,Theresa Villiers,"(ii) Other shareholdings, valued at more than £70,000",2018-02-23,2023-11-14,Shell PLC,Energy,,Trust,https://interests-api.parliament.uk/api/v1/Interests/1364,,,
1366,Shares in RIT Capital Partners,,2023-07-17,2023-12-17,2023-11-27,Shareholdings,1500,Theresa Villiers,"(ii) Other shareholdings, valued at more than £70,000",2023-07-06,2023-11-14,RIT Capital Partners,Investment trust,,Trust,https://interests-api.parliament.uk/api/v1/Interests/1366,,,
1368,Shares in Scottish Mortgage Investment Trust,,2023-08-02,2023-12-17,,Shareholdings,1500,Theresa Villiers,"(ii) Other shareholdings, valued at more than £70,000",2023-07-06,2023-07-20,Scottish Mortgage Investment Trust,,,Trust,https://interests-api.parliament.uk/api/v1/Interests/1368,,,
1369,Shares in One Rebel Ltd,,2017-06-29,2023-12-17,,Shareholdings,4619,Lord Jack of Courance,"(ii) Other shareholdings, valued at more than £70,000",,,One Rebel Ltd,Fitness club,,,https://interests-api.parliament.uk/api/v1/Interests/1369,,,
1373,Shares in Rars Woodlands 3 Ltd,,2017-06-29,2023-12-17,2023-12-08,Shareholdings,4619,Lord Jack of Courance,"(ii) Other shareholdings, valued at more than £70,000",,2023-05-16,Rars Woodlands 3 Ltd,Christmas tree grower,,,https://interests-api.parliament.uk/api/v1/Interests/1373,,,
1380,Shares in Business Funding Research Ltd (trading as Beauhurst Ltd),,2015-06-04,2023-12-17,2018-11-19,Shareholdings,4462,Tom Tugendhat,"(ii) Other shareholdings, valued at more than £70,000",2019-12-01,2023-05-09,Business Funding Research Ltd (trading as Beauhurst Ltd),Corporate data,,Trust,https://interests-api.parliament.uk/api/v1/Interests/1380,2020-01-10,2024-01-22,
1324,Shares in JP Morgan,,2020-01-10,2023-12-17,,Shareholdings,4821,Felicity Buchan,"(ii) Other shareholdings, valued at more than £70,000",,,JP Morgan,US Financial Services stock,,,https://interests-api.parliament.uk/api/v1/Interests/1324,,,
1332,Shares in Blue International Group,,2021-04-12,2023-12-17,,Shareholdings,4051,John Glen,"(ii) Other shareholdings, valued at more than £70,000",2021-04-05,,Blue International Group,Natural resources business operating in Sub Saharan Africa.,,,https://interests-api.parliament.uk/api/v1/Interests/1332,,,
1334,Shares in Property Franchise Group plc,,2021-04-26,2023-12-17,2021-04-27,Shareholdings,4474,Kevin Hollinrake,"(ii) Other shareholdings, valued at more than £70,000",2021-03-19,,Property Franchise Group plc,A multi-brand lettings and estate agency franchising group.,,,https://interests-api.parliament.uk/api/v1/Interests/1334,,,
1350,Shares in Creightons plc,,2021-10-15,2023-12-17,2024-02-26,Shareholdings,40,Sir Bernard Jenkin,"(ii) Other shareholdings, valued at more than £70,000",2021-07-30,2023-08-11,Creightons plc,Manufacturer of cosmetics and toiletries,,,https://interests-api.parliament.uk/api/v1/Interests/1350,,,
1338,Shares in British Telecom,,2017-02-24,2023-12-17,,Shareholdings,4113,Nadhim Zahawi,"(ii) Other shareholdings, valued at more than £70,000",2017-02-23,,British Telecom,Telecommunications services company,,,https://interests-api.parliament.uk/api/v1/Interests/1338,,,
1335,Shares in Somerset Capital Management LLP,,2021-04-28,2023-12-17,,Shareholdings,4099,Sir Jacob Rees-Mogg,"(ii) Other shareholdings, valued at more than £70,000",2021-04-01,,Somerset Capital Management LLP,Investment management,,,https://interests-api.parliament.uk/api/v1/Interests/1335,,,
1357,Shares in Streetbook Ltd,,2015-05-01,2023-12-17,2015-06-04,Shareholdings,117,Sir Peter Bottomley,"(ii) Other shareholdings, valued at more than £70,000",,,Streetbook Ltd,An internet community communications company.,,,https://interests-api.parliament.uk/api/v1/Interests/1357,,,
1328,Shares in Reaction Engines Ltd,,2022-04-22,2023-12-17,,Shareholdings,1542,Philip Dunne,"(ii) Other shareholdings, valued at more than £70,000",2022-03-15,,Reaction Engines Ltd,An engineering technology developer.,,,https://interests-api.parliament.uk/api/v1/Interests/1328,,,
1374,Shares in Thomas Murray Network Management Ltd,,2017-06-29,2023-12-17,,Shareholdings,4619,Lord Jack of Courance,"(ii) Other shareholdings, valued at more than £70,000",,,Thomas Murray Network Management Ltd,Custody rating on the global securities services industry.,,,https://interests-api.parliament.uk/api/v1/Interests/1374,,,
1379,Shares in Yavrio Ltd,,2023-07-28,2023-12-17,,Shareholdings,3945,Sir Sajid Javid,"(ii) Other shareholdings, valued at more than £70,000",2023-07-08,,Yavrio Ltd,Other information technology service activities,,,https://interests-api.parliament.uk/api/v1/Interests/1379,,,
1336,Shares in Lloyds Bank plc,,2020-01-09,2023-12-17,,Shareholdings,4767,James Sunderland,"(ii) Other shareholdings, valued at more than £70,000",,,Lloyds Bank plc,,My wife,,https://interests-api.parliament.uk/api/v1/Interests/1336,,,
1323,Shares in Coconut Platform Ltd,,2020-01-10,2023-12-17,2023-10-25,Shareholdings,4801,Anthony Browne,"(ii) Other shareholdings, valued at more than £70,000",,2023-03-13,Coconut Platform Ltd,Banking and accountancy platform for sole traders.,,,https://interests-api.parliament.uk/api/v1/Interests/1323,,,
1331,Shares in Softiron,,2020-01-10,2023-12-17,,Shareholdings,4051,John Glen,"(ii) Other shareholdings, valued at more than £70,000",2019-11-25,,Softiron,Design and development of application software for data storage.,,,https://interests-api.parliament.uk/api/v1/Interests/1331,,,
1370,Shares in Privet Capital Aeromet LP,,2017-06-29,2023-12-17,,Shareholdings,4619,Lord Jack of Courance,"(ii) Other shareholdings, valued at more than £70,000",,,Privet Capital Aeromet LP,Supplier of aluminium and magnesium castings.,,,https://interests-api.parliament.uk/api/v1/Interests/1370,,,
1372,Shares in Rars Woodlands 2 Ltd,,2017-06-29,2023-12-17,2023-12-08,Shareholdings,4619,Lord Jack of Courance,"(ii) Other shareholdings, valued at more than £70,000",,2023-05-23,Rars Woodlands 2 Ltd,Christmas tree grower,,,https://interests-api.parliament.uk/api/v1/Interests/1372,,,
1330,Shares in Endava Ltd,,2015-05-19,2023-12-17,,Shareholdings,4051,John Glen,"(ii) Other shareholdings, valued at more than £70,000",2015-05-08,,Endava Ltd,IT services and consultancy,,,https://interests-api.parliament.uk/api/v1/Interests/1330,,,
1325,Shares in Bank of America Corporation,,2020-01-10,2023-12-17,,Shareholdings,4821,Felicity Buchan,"(ii) Other shareholdings, valued at more than £70,000",,,Bank of America Corporation,,,,https://interests-api.parliament.uk/api/v1/Interests/1325,,,
1362,Shares in Diageo,,2023-07-17,2023-12-17,2023-11-27,Shareholdings,1500,Theresa Villiers,"(ii) Other shareholdings, valued at more than £70,000",2018-02-23,2023-11-14,Diageo,Drinks manufacturing,,Trust,https://interests-api.parliament.uk/api/v1/Interests/1362,,,
1381,Shares in Crypto Quantique Ltd,,2017-08-30,2023-12-17,2022-04-07,Shareholdings,4462,Tom Tugendhat,"(ii) Other shareholdings, valued at more than £70,000",2022-04-05,2023-05-09,Crypto Quantique Ltd,A quantum encryption company.,,Trust,https://interests-api.parliament.uk/api/v1/Interests/1381,2024-01-22,,
1337,Shares in Apple,,2017-07-05,2023-12-17,,Shareholdings,4617,Matt Western,"(ii) Other shareholdings, valued at more than £70,000",,,Apple,Technology company,,,https://interests-api.parliament.uk/api/v1/Interests/1337,,,
